order_id,order_item_id,product_id,seller_id,price
2d363ab75a50a750a0319e051e1618bb,1,9b0da4925c6146c7895ebea30cb18e82,d599aa1a7a95291a50f82dc121b436f7,58.86617183743045
aae5565ddfbdbc2edba036857fbf2874,1,596af6f792e6c4ec022cfa2d730f8d50,edb60a1e92c736b05502eb7b8e9087c4,70.29726610336814
aae5565ddfbdbc2edba036857fbf2874,2,c6bfb71258c62dd88f557e0faab2cebb,467c12d1edec6288a6bcb72d57d881c5,78.64054543326512
0fefbb201c6c2b6c4f2c10f2f32aab60,1,adcadcb62e0ba6c6502fea91aa890e67,3557a22e96686ac5314337cb9ca2a18e,117.2417023455672
0fefbb201c6c2b6c4f2c10f2f32aab60,2,c6b92ad3e6d4a7945e11d88ccbceb58a,34c9193524b0c40c6c012d8c633e0141,169.67540720687765
9b4be9be7cb50159ec8cb85909692ac6,1,192e2eb7b552180be6b2bbf678bb343b,33432c80f64e7be48677330ebc4e6a9e,46.932994590763684
fbc0512e94dd028fb3539c734c0003e6,1,d1f26db9a720c91fa96a04f6ec248d70,467c12d1edec6288a6bcb72d57d881c5,144.87205353511297
fbc0512e94dd028fb3539c734c0003e6,2,9e9b5878474f159be9e176e41edb742b,cbc689facff0bc794de68f850b2ee44c,182.33196112684337
fbc0512e94dd028fb3539c734c0003e6,3,916c599fbd7ef3f1f64e71c5aba47cf7,b5ea7561b1e55f0c04c649fe55065179,59.59631123986433
26e8d4de10f0a0b136121917c3cd508c,1,1a1e0437b38d5a53a07107dacc93ca61,cc6a1da1108415b82ef7d18c3333dbcf,96.75461193604069
26e8d4de10f0a0b136121917c3cd508c,2,916c599fbd7ef3f1f64e71c5aba47cf7,193c05cb238bdac3275c252e6cb8d104,83.59403233534394
8df68815eb02673cbd78c6d772232855,1,58227e79307de71092cccf73fc6367c0,cc6a1da1108415b82ef7d18c3333dbcf,95.37681944367051
8df68815eb02673cbd78c6d772232855,2,25fbd6cbcf724806ea27d5ed4503c1e7,193c05cb238bdac3275c252e6cb8d104,22.8082246134364
4062d84522acbb7adbcfe11bcd118715,1,abd54c3683089c0e726de1fdf0147268,cbc689facff0bc794de68f850b2ee44c,129.46511221606374
4062d84522acbb7adbcfe11bcd118715,2,adcadcb62e0ba6c6502fea91aa890e67,cc6a1da1108415b82ef7d18c3333dbcf,32.81323359053376
49938e5605b5325b6d69aca12be271de,1,d1f26db9a720c91fa96a04f6ec248d70,792e9e87add733d257337607ce086080,194.643105961588
49938e5605b5325b6d69aca12be271de,2,3e8d0352ce38edf277f34939abedefe0,f0038275d15e42e00a29397c18f74605,24.05193351318873
519dcde9b69dea5caa1c1ec6230ba855,1,9e9b5878474f159be9e176e41edb742b,bcbc8c07ec020fb9a591b8ddda1e42e9,133.93768875205217
519dcde9b69dea5caa1c1ec6230ba855,2,916c599fbd7ef3f1f64e71c5aba47cf7,cbc689facff0bc794de68f850b2ee44c,43.514134887929394
519dcde9b69dea5caa1c1ec6230ba855,3,b2ea532a5c8c475d3793b4f284bb502e,edb60a1e92c736b05502eb7b8e9087c4,51.16949659394312
22f364d337e59544f5ed16d1c5091868,1,dcd25a3b15cfe904b2bd0c6482981e54,34c9193524b0c40c6c012d8c633e0141,198.49881337872705
22f364d337e59544f5ed16d1c5091868,2,8d7cffcac5b374d64db7efcf365516f4,34c9193524b0c40c6c012d8c633e0141,61.18865961214599
32db7b99e372541133e6848dc5c7c1e0,1,b8ed6c86344de4e5ce3efc32f4a23e01,edb60a1e92c736b05502eb7b8e9087c4,147.794023370724
918de369a1a29db2cb029c8b2179a05b,1,aefbaa1587156bc4c2c77ffaceb77552,792e9e87add733d257337607ce086080,57.56254217395173
dac7a6c6ba091d826bda064c851aca92,1,dcd25a3b15cfe904b2bd0c6482981e54,34c9193524b0c40c6c012d8c633e0141,58.46337306173702
dac7a6c6ba091d826bda064c851aca92,2,5649eda773bef55e47b174062dca7350,cc6a1da1108415b82ef7d18c3333dbcf,129.18534759294656
57d8391ad859f9e7745d74a3e94656cf,1,3f129019d2aab3229271468b0174857c,edb60a1e92c736b05502eb7b8e9087c4,38.60612162611539
57d8391ad859f9e7745d74a3e94656cf,2,c6bfb71258c62dd88f557e0faab2cebb,34c32d9948ca8902f6d7eeabe2d2cef1,62.95903948461542
57d8391ad859f9e7745d74a3e94656cf,3,d1f26db9a720c91fa96a04f6ec248d70,34c32d9948ca8902f6d7eeabe2d2cef1,58.59902922894518
7d2496d8a89c6edc3f9ed55aebeea89f,1,5649eda773bef55e47b174062dca7350,502ee52cb1ca3e092b16817d94567c97,40.06744672430156
7d2496d8a89c6edc3f9ed55aebeea89f,2,192e2eb7b552180be6b2bbf678bb343b,792e9e87add733d257337607ce086080,147.65097528962627
12c610b5e7a34cc81101001ddf65e41a,1,34bf369db9d5aed4dd811fd4278d9090,41f76e7b9e9629bb56b1a152f628bc1e,86.27994831322462
12c610b5e7a34cc81101001ddf65e41a,2,1a1e0437b38d5a53a07107dacc93ca61,34c9193524b0c40c6c012d8c633e0141,120.5197260746463
12c610b5e7a34cc81101001ddf65e41a,3,abd54c3683089c0e726de1fdf0147268,41f76e7b9e9629bb56b1a152f628bc1e,79.64208561681079
ca8a3d32e52c099aa667d15697f9136f,1,b8ed6c86344de4e5ce3efc32f4a23e01,502ee52cb1ca3e092b16817d94567c97,181.84554504479783
ca8a3d32e52c099aa667d15697f9136f,2,58227e79307de71092cccf73fc6367c0,515081bf6f4de479ac309e265f6abf71,119.06913291720248
ba09dd36935991316c9c98e27a72e865,1,f2bf74dc90af628fb3f8a758e23ba662,bcbc8c07ec020fb9a591b8ddda1e42e9,162.19099617941515
e14368cf5e344c1e52fdecc11a08068e,1,adcadcb62e0ba6c6502fea91aa890e67,cc6a1da1108415b82ef7d18c3333dbcf,117.85472832076252
e14368cf5e344c1e52fdecc11a08068e,2,6f6fe1c0df506bcdf994612a5c5abe94,3557a22e96686ac5314337cb9ca2a18e,152.14370431483593
e14368cf5e344c1e52fdecc11a08068e,3,c3aa535c342d9aac81ff030fe6965215,33432c80f64e7be48677330ebc4e6a9e,70.45604243766489
51afdd8c6c4b328d9d27cd1c5f199a4a,1,8d7cffcac5b374d64db7efcf365516f4,502ee52cb1ca3e092b16817d94567c97,81.11246078503501
51afdd8c6c4b328d9d27cd1c5f199a4a,2,3f129019d2aab3229271468b0174857c,d599aa1a7a95291a50f82dc121b436f7,71.51461034014204
51afdd8c6c4b328d9d27cd1c5f199a4a,3,578d611a72283d71ff9795e1dce2ef0f,b5ea7561b1e55f0c04c649fe55065179,74.39332091526461
c7b77e7bef86922018d361c62bfc60ff,1,adcadcb62e0ba6c6502fea91aa890e67,3557a22e96686ac5314337cb9ca2a18e,26.181884447159717
c7b77e7bef86922018d361c62bfc60ff,2,25fbd6cbcf724806ea27d5ed4503c1e7,193c05cb238bdac3275c252e6cb8d104,154.81597223415
f2d9f05af3fc28c30463b74c40d09ffa,1,5649eda773bef55e47b174062dca7350,34c9193524b0c40c6c012d8c633e0141,133.12685825676581
f2d9f05af3fc28c30463b74c40d09ffa,2,58227e79307de71092cccf73fc6367c0,792e9e87add733d257337607ce086080,23.84579095926857
2eb330e7f559e366fc1addffabe7cd39,1,f24aebdde8f380e81bb1ad1a6af4c3e8,edb60a1e92c736b05502eb7b8e9087c4,55.15126829787127
2eb330e7f559e366fc1addffabe7cd39,2,58227e79307de71092cccf73fc6367c0,d599aa1a7a95291a50f82dc121b436f7,140.06615943838432
21781fb3a3c143f0fcc90b0e8b05a2c4,1,10a2122c5535c068b08c195683436e23,33432c80f64e7be48677330ebc4e6a9e,93.20778312035851
386fd0b4408bb8656ef827fce5158e60,1,192e2eb7b552180be6b2bbf678bb343b,34c32d9948ca8902f6d7eeabe2d2cef1,113.01076485666064
4bb915f1a59799e8132bc46c22eb52df,1,34bf369db9d5aed4dd811fd4278d9090,41f76e7b9e9629bb56b1a152f628bc1e,162.48982810089575
0b1560b1797c0941c32d947006d14ef3,1,d1f26db9a720c91fa96a04f6ec248d70,502ee52cb1ca3e092b16817d94567c97,58.418739137482184
0b1560b1797c0941c32d947006d14ef3,2,abd54c3683089c0e726de1fdf0147268,34c9193524b0c40c6c012d8c633e0141,184.59419972177375
0b1560b1797c0941c32d947006d14ef3,3,6f6fe1c0df506bcdf994612a5c5abe94,467c12d1edec6288a6bcb72d57d881c5,199.34726644963618
f959e21fe8f105e63b203e6a2aee81da,1,25fbd6cbcf724806ea27d5ed4503c1e7,edb60a1e92c736b05502eb7b8e9087c4,113.55970908933426
f959e21fe8f105e63b203e6a2aee81da,2,dcd25a3b15cfe904b2bd0c6482981e54,f0038275d15e42e00a29397c18f74605,97.59932200155859
f959e21fe8f105e63b203e6a2aee81da,3,b2ea532a5c8c475d3793b4f284bb502e,d599aa1a7a95291a50f82dc121b436f7,55.85888906846589
d882b2624dc367a47a073281c26afb3c,1,8d7cffcac5b374d64db7efcf365516f4,f0038275d15e42e00a29397c18f74605,118.63319310004977
831953816ad5a71cc434283a60d3c2ff,1,8d7cffcac5b374d64db7efcf365516f4,b5ea7561b1e55f0c04c649fe55065179,31.40869388965757
831953816ad5a71cc434283a60d3c2ff,2,5649eda773bef55e47b174062dca7350,d880ad64760b9a7f03bd3b5a684cac1f,179.80519979458109
831953816ad5a71cc434283a60d3c2ff,3,f2bf74dc90af628fb3f8a758e23ba662,193c05cb238bdac3275c252e6cb8d104,57.66364500867714
08e63c13a013b32688b3e28ed7f98f2f,1,8d7cffcac5b374d64db7efcf365516f4,cbc689facff0bc794de68f850b2ee44c,71.18331973503052
9ee9db24b385f5d665ac0603d92cdf6c,1,10a2122c5535c068b08c195683436e23,3557a22e96686ac5314337cb9ca2a18e,137.2086584877331
9ee9db24b385f5d665ac0603d92cdf6c,2,d1f26db9a720c91fa96a04f6ec248d70,467c12d1edec6288a6bcb72d57d881c5,117.3836902626088
9ee9db24b385f5d665ac0603d92cdf6c,3,dcd25a3b15cfe904b2bd0c6482981e54,34c32d9948ca8902f6d7eeabe2d2cef1,61.117228464819505
85496a01e63d1d0d3c4be61ea025c3f6,1,596af6f792e6c4ec022cfa2d730f8d50,41f76e7b9e9629bb56b1a152f628bc1e,39.67555551685625
ba9efc0a12aa69a29c7405114400e3a6,1,34bf369db9d5aed4dd811fd4278d9090,3557a22e96686ac5314337cb9ca2a18e,155.85401338033066
70cf6208a0ff9b8a348613a5b0f6a3fb,1,adcadcb62e0ba6c6502fea91aa890e67,34c9193524b0c40c6c012d8c633e0141,190.23924065655717
70cf6208a0ff9b8a348613a5b0f6a3fb,2,8d7cffcac5b374d64db7efcf365516f4,cc6a1da1108415b82ef7d18c3333dbcf,76.16408667888342
5c1bda2ffe0adf0f44eade482f286f13,1,b8ed6c86344de4e5ce3efc32f4a23e01,655c9a09f71567f14e3732b9adc048ad,193.61772010055446
5c1bda2ffe0adf0f44eade482f286f13,2,c6bfb71258c62dd88f557e0faab2cebb,655c9a09f71567f14e3732b9adc048ad,167.40669639159202
5c1bda2ffe0adf0f44eade482f286f13,3,34bf369db9d5aed4dd811fd4278d9090,34c32d9948ca8902f6d7eeabe2d2cef1,83.09354219058584
bf170537eaed209463e846ce4406e859,1,c6bfb71258c62dd88f557e0faab2cebb,bcbc8c07ec020fb9a591b8ddda1e42e9,128.5541829799855
bf170537eaed209463e846ce4406e859,2,3157b661d2ff3633d4742e67554cc4d5,3557a22e96686ac5314337cb9ca2a18e,155.22349466930007
bcb3851fa6c994e8d76c5f805da4e9db,1,192e2eb7b552180be6b2bbf678bb343b,d599aa1a7a95291a50f82dc121b436f7,160.46278433175465
bcb3851fa6c994e8d76c5f805da4e9db,2,c6bfb71258c62dd88f557e0faab2cebb,b5ea7561b1e55f0c04c649fe55065179,116.11332851121453
bcb3851fa6c994e8d76c5f805da4e9db,3,6f6fe1c0df506bcdf994612a5c5abe94,33432c80f64e7be48677330ebc4e6a9e,85.43127742718202
b8ff0161d8052b008764f01894ac9f73,1,34bf369db9d5aed4dd811fd4278d9090,515081bf6f4de479ac309e265f6abf71,192.20300432504516
b8ff0161d8052b008764f01894ac9f73,2,b2ea532a5c8c475d3793b4f284bb502e,467c12d1edec6288a6bcb72d57d881c5,98.9374056659701
52f4ef3009922996e012972933e9caaf,1,916c599fbd7ef3f1f64e71c5aba47cf7,41f76e7b9e9629bb56b1a152f628bc1e,108.29565391117993
52f4ef3009922996e012972933e9caaf,2,9e9b5878474f159be9e176e41edb742b,792e9e87add733d257337607ce086080,52.88115933602258
52f4ef3009922996e012972933e9caaf,3,3f129019d2aab3229271468b0174857c,34c32d9948ca8902f6d7eeabe2d2cef1,179.7219474126082
c5cb638f152afc59fd678cc0bc24e8fc,1,f2bf74dc90af628fb3f8a758e23ba662,d599aa1a7a95291a50f82dc121b436f7,96.08467154584909
c5cb638f152afc59fd678cc0bc24e8fc,2,916c599fbd7ef3f1f64e71c5aba47cf7,193c05cb238bdac3275c252e6cb8d104,163.30719409737907
cdfa95e08c36c5fd4b6af7aa04d8d1b1,1,94df86ce396bd0ce4487d930f358027c,655c9a09f71567f14e3732b9adc048ad,78.35700209961553
cdfa95e08c36c5fd4b6af7aa04d8d1b1,2,3e8d0352ce38edf277f34939abedefe0,502ee52cb1ca3e092b16817d94567c97,163.41733948216563
afbe6c43db9b01dbac2838a11bbadbff,1,6f6fe1c0df506bcdf994612a5c5abe94,efc03e7ed392481a5e9e84c2c7108495,162.97865675506804
afbe6c43db9b01dbac2838a11bbadbff,2,3157b661d2ff3633d4742e67554cc4d5,33432c80f64e7be48677330ebc4e6a9e,84.07005634359518
afbe6c43db9b01dbac2838a11bbadbff,3,578d611a72283d71ff9795e1dce2ef0f,502ee52cb1ca3e092b16817d94567c97,68.91636162676521
070f4bcba2001ce792e91e8bc1a12e9b,1,58227e79307de71092cccf73fc6367c0,792e9e87add733d257337607ce086080,182.08197820789783
070f4bcba2001ce792e91e8bc1a12e9b,2,578d611a72283d71ff9795e1dce2ef0f,d880ad64760b9a7f03bd3b5a684cac1f,123.85804481152377
070f4bcba2001ce792e91e8bc1a12e9b,3,d1f26db9a720c91fa96a04f6ec248d70,efc03e7ed392481a5e9e84c2c7108495,69.19430699776679
50690375c388106b924895439d424a2d,1,f2bf74dc90af628fb3f8a758e23ba662,502ee52cb1ca3e092b16817d94567c97,117.14909514285519
50690375c388106b924895439d424a2d,2,578d611a72283d71ff9795e1dce2ef0f,efc03e7ed392481a5e9e84c2c7108495,100.6319823115758
50690375c388106b924895439d424a2d,3,34bf369db9d5aed4dd811fd4278d9090,d880ad64760b9a7f03bd3b5a684cac1f,137.02146157768595
b30aa7070a73a1c8026bba03a4946ea7,1,f2bf74dc90af628fb3f8a758e23ba662,33432c80f64e7be48677330ebc4e6a9e,159.70911434606654
b30aa7070a73a1c8026bba03a4946ea7,2,aefbaa1587156bc4c2c77ffaceb77552,bcbc8c07ec020fb9a591b8ddda1e42e9,122.9831501163465
0eb9855b1a9f6d512f2326df312a31ff,1,9b0da4925c6146c7895ebea30cb18e82,34c9193524b0c40c6c012d8c633e0141,119.74203997934467
0eb9855b1a9f6d512f2326df312a31ff,2,dcd25a3b15cfe904b2bd0c6482981e54,b5ea7561b1e55f0c04c649fe55065179,144.32730845804787
0eb9855b1a9f6d512f2326df312a31ff,3,58227e79307de71092cccf73fc6367c0,34c9193524b0c40c6c012d8c633e0141,94.18858494571461
e2eaccffc0ebc881e9fd92a09b6591d7,1,9b0da4925c6146c7895ebea30cb18e82,d880ad64760b9a7f03bd3b5a684cac1f,165.19555845609855
e2eaccffc0ebc881e9fd92a09b6591d7,2,9e9b5878474f159be9e176e41edb742b,d599aa1a7a95291a50f82dc121b436f7,34.28611347243907
72e7474cffe0b4742d686005095c7802,1,3e8d0352ce38edf277f34939abedefe0,34c32d9948ca8902f6d7eeabe2d2cef1,146.14481452631549
a45fa8f9a5cc56b00813603762bc7188,1,1a1e0437b38d5a53a07107dacc93ca61,655c9a09f71567f14e3732b9adc048ad,45.361880562748354
a45fa8f9a5cc56b00813603762bc7188,2,3157b661d2ff3633d4742e67554cc4d5,bcbc8c07ec020fb9a591b8ddda1e42e9,135.90228871868698
c0e5921d78f5a159e9eab5996ecfc0c4,1,adcadcb62e0ba6c6502fea91aa890e67,655c9a09f71567f14e3732b9adc048ad,45.77716224791331
c0e5921d78f5a159e9eab5996ecfc0c4,2,f2bf74dc90af628fb3f8a758e23ba662,3557a22e96686ac5314337cb9ca2a18e,194.23875401066707
c0e5921d78f5a159e9eab5996ecfc0c4,3,3157b661d2ff3633d4742e67554cc4d5,655c9a09f71567f14e3732b9adc048ad,144.27884771405783
0046b26c1992ef030806f221eee61204,1,25fbd6cbcf724806ea27d5ed4503c1e7,f0038275d15e42e00a29397c18f74605,35.03040507099985
15b8c87276eaf64f3bc08586affd8076,1,f2bf74dc90af628fb3f8a758e23ba662,b5ea7561b1e55f0c04c649fe55065179,127.68083207606514
15b8c87276eaf64f3bc08586affd8076,2,abd54c3683089c0e726de1fdf0147268,edb60a1e92c736b05502eb7b8e9087c4,21.25199931565049
ed6fbd1a097dac9429912e9ae5bc6efe,1,c3aa535c342d9aac81ff030fe6965215,515081bf6f4de479ac309e265f6abf71,136.21377102268036
9f51ad6bbe10a9d0966c6dd30c6a6467,1,25fbd6cbcf724806ea27d5ed4503c1e7,515081bf6f4de479ac309e265f6abf71,58.108865335260816
9f51ad6bbe10a9d0966c6dd30c6a6467,2,94df86ce396bd0ce4487d930f358027c,34c9193524b0c40c6c012d8c633e0141,145.73014190762353
9f51ad6bbe10a9d0966c6dd30c6a6467,3,3f129019d2aab3229271468b0174857c,515081bf6f4de479ac309e265f6abf71,98.90813115901588
da4f119cdc752845ef1d010f502423cd,1,d1f26db9a720c91fa96a04f6ec248d70,b5ea7561b1e55f0c04c649fe55065179,125.91764285868818
da4f119cdc752845ef1d010f502423cd,2,3f129019d2aab3229271468b0174857c,f0038275d15e42e00a29397c18f74605,162.6027187699425
a87c719041fa12228ea1b3b7c4bfa554,1,abd54c3683089c0e726de1fdf0147268,467c12d1edec6288a6bcb72d57d881c5,153.41411003279705
a87c719041fa12228ea1b3b7c4bfa554,2,25fbd6cbcf724806ea27d5ed4503c1e7,34c9193524b0c40c6c012d8c633e0141,95.0737124473344
a87c719041fa12228ea1b3b7c4bfa554,3,f2bf74dc90af628fb3f8a758e23ba662,f0038275d15e42e00a29397c18f74605,69.5113217009097
86757dee783b77c4587aaf98719c5770,1,10a2122c5535c068b08c195683436e23,41f76e7b9e9629bb56b1a152f628bc1e,117.70142448992938
86757dee783b77c4587aaf98719c5770,2,596af6f792e6c4ec022cfa2d730f8d50,edb60a1e92c736b05502eb7b8e9087c4,32.8744192472347
f3cb069d8f9e885021b9fe27f8a94232,1,578d611a72283d71ff9795e1dce2ef0f,b5ea7561b1e55f0c04c649fe55065179,129.73830916105575
f3cb069d8f9e885021b9fe27f8a94232,2,596af6f792e6c4ec022cfa2d730f8d50,cc6a1da1108415b82ef7d18c3333dbcf,189.33174035174693
e02129dcc389a050c3ee51f5710e5623,1,5649eda773bef55e47b174062dca7350,655c9a09f71567f14e3732b9adc048ad,165.22952806420918
e02129dcc389a050c3ee51f5710e5623,2,b2ea532a5c8c475d3793b4f284bb502e,34c9193524b0c40c6c012d8c633e0141,151.0780499331619
401ed1a9a32cbace2efb7591882327f3,1,3e8d0352ce38edf277f34939abedefe0,33432c80f64e7be48677330ebc4e6a9e,190.60037601640366
401ed1a9a32cbace2efb7591882327f3,2,8d7cffcac5b374d64db7efcf365516f4,d880ad64760b9a7f03bd3b5a684cac1f,154.73928033768613
3e8dd01405f8ebdc57cc8fa62af8ebb5,1,abd54c3683089c0e726de1fdf0147268,edb60a1e92c736b05502eb7b8e9087c4,92.75292537602348
62474f36a0288724bef485015d94b2b6,1,25fbd6cbcf724806ea27d5ed4503c1e7,d880ad64760b9a7f03bd3b5a684cac1f,27.68836895155659
7e0800cbd9fbc49b0ab0e1595766b795,1,192e2eb7b552180be6b2bbf678bb343b,792e9e87add733d257337607ce086080,84.75099503420462
7e0800cbd9fbc49b0ab0e1595766b795,2,596af6f792e6c4ec022cfa2d730f8d50,467c12d1edec6288a6bcb72d57d881c5,121.30546776535445
7e0800cbd9fbc49b0ab0e1595766b795,3,b2ea532a5c8c475d3793b4f284bb502e,f0038275d15e42e00a29397c18f74605,124.78696409480392
02455b7071c3138f44290e11852f55f8,1,1a1e0437b38d5a53a07107dacc93ca61,33432c80f64e7be48677330ebc4e6a9e,86.92248463582844
02455b7071c3138f44290e11852f55f8,2,34bf369db9d5aed4dd811fd4278d9090,3557a22e96686ac5314337cb9ca2a18e,59.312593839021744
02455b7071c3138f44290e11852f55f8,3,192e2eb7b552180be6b2bbf678bb343b,467c12d1edec6288a6bcb72d57d881c5,129.14944687404736
57fb2051bde7615bf36ba322afcbddab,1,d1f26db9a720c91fa96a04f6ec248d70,193c05cb238bdac3275c252e6cb8d104,114.05441254353498
57fb2051bde7615bf36ba322afcbddab,2,3e8d0352ce38edf277f34939abedefe0,515081bf6f4de479ac309e265f6abf71,28.056090823444265
57fb2051bde7615bf36ba322afcbddab,3,5649eda773bef55e47b174062dca7350,edb60a1e92c736b05502eb7b8e9087c4,184.62033613903594
981fcf41b37e17b423b327e003574f22,1,adcadcb62e0ba6c6502fea91aa890e67,f0038275d15e42e00a29397c18f74605,38.37799957726803
981fcf41b37e17b423b327e003574f22,2,192e2eb7b552180be6b2bbf678bb343b,655c9a09f71567f14e3732b9adc048ad,147.32090987638065
981fcf41b37e17b423b327e003574f22,3,f24aebdde8f380e81bb1ad1a6af4c3e8,34c9193524b0c40c6c012d8c633e0141,170.57872698438624
e6bd091d22db4e24ceb23e6bf21191f7,1,f2bf74dc90af628fb3f8a758e23ba662,34c9193524b0c40c6c012d8c633e0141,78.52715352733105
e6bd091d22db4e24ceb23e6bf21191f7,2,578d611a72283d71ff9795e1dce2ef0f,cc6a1da1108415b82ef7d18c3333dbcf,48.1753368107255
e5399424288c0feda40d9c0136504248,1,5649eda773bef55e47b174062dca7350,502ee52cb1ca3e092b16817d94567c97,138.13735609608216
e5399424288c0feda40d9c0136504248,2,58227e79307de71092cccf73fc6367c0,d599aa1a7a95291a50f82dc121b436f7,22.564451685957486
f61a250e5aa4875ad05161f53df35081,1,34bf369db9d5aed4dd811fd4278d9090,467c12d1edec6288a6bcb72d57d881c5,32.595738096782995
f61a250e5aa4875ad05161f53df35081,2,596af6f792e6c4ec022cfa2d730f8d50,502ee52cb1ca3e092b16817d94567c97,140.11176764034423
f61a250e5aa4875ad05161f53df35081,3,5649eda773bef55e47b174062dca7350,33432c80f64e7be48677330ebc4e6a9e,84.91959474495758
e6a308d703940d3686eebbdfcde885b1,1,8d7cffcac5b374d64db7efcf365516f4,467c12d1edec6288a6bcb72d57d881c5,191.01786414622268
e6a308d703940d3686eebbdfcde885b1,2,3e8d0352ce38edf277f34939abedefe0,b5ea7561b1e55f0c04c649fe55065179,112.35280736170643
e6a308d703940d3686eebbdfcde885b1,3,8d7cffcac5b374d64db7efcf365516f4,b5ea7561b1e55f0c04c649fe55065179,92.14399552805196
3c0b67fd67e17b89f5eb2c1f38b0db14,1,58227e79307de71092cccf73fc6367c0,655c9a09f71567f14e3732b9adc048ad,173.9610454590456
3c0b67fd67e17b89f5eb2c1f38b0db14,2,f2bf74dc90af628fb3f8a758e23ba662,33432c80f64e7be48677330ebc4e6a9e,31.35787208561696
1e7fd4ae1a5b8a8583b3fc2bd0772ae2,1,f2bf74dc90af628fb3f8a758e23ba662,515081bf6f4de479ac309e265f6abf71,108.43714550682162
1e7fd4ae1a5b8a8583b3fc2bd0772ae2,2,aefbaa1587156bc4c2c77ffaceb77552,cc6a1da1108415b82ef7d18c3333dbcf,58.26705892745657
57372fa516b01827914b68116d9a21f0,1,25fbd6cbcf724806ea27d5ed4503c1e7,b5ea7561b1e55f0c04c649fe55065179,66.58802891259222
60d9b5c881bdca2999a52a746b27d784,1,dcd25a3b15cfe904b2bd0c6482981e54,792e9e87add733d257337607ce086080,141.21293414488895
babadfa7d66b65e008b06aa23b9ff768,1,34bf369db9d5aed4dd811fd4278d9090,3557a22e96686ac5314337cb9ca2a18e,164.86629919835508
0f79b05bfe5d04f23dbc471df49b2d88,1,1a1e0437b38d5a53a07107dacc93ca61,3557a22e96686ac5314337cb9ca2a18e,33.38297278610213
0f79b05bfe5d04f23dbc471df49b2d88,2,8d7cffcac5b374d64db7efcf365516f4,cc6a1da1108415b82ef7d18c3333dbcf,95.55712522275459
bb1f932ae553658ea2aa742b8faa5554,1,5649eda773bef55e47b174062dca7350,792e9e87add733d257337607ce086080,124.58954897335663
bb1f932ae553658ea2aa742b8faa5554,2,578d611a72283d71ff9795e1dce2ef0f,d599aa1a7a95291a50f82dc121b436f7,95.27483782927588
e1541c09e7a50cca2fa3bb6270112b06,1,3f129019d2aab3229271468b0174857c,193c05cb238bdac3275c252e6cb8d104,148.866307820028
e1541c09e7a50cca2fa3bb6270112b06,2,25fbd6cbcf724806ea27d5ed4503c1e7,655c9a09f71567f14e3732b9adc048ad,92.31317040247556
1181c9b52017b5c12a41f941aca39631,1,d1f26db9a720c91fa96a04f6ec248d70,cc6a1da1108415b82ef7d18c3333dbcf,156.60868434952937
1181c9b52017b5c12a41f941aca39631,2,58227e79307de71092cccf73fc6367c0,f0038275d15e42e00a29397c18f74605,45.12662194979188
1181c9b52017b5c12a41f941aca39631,3,3157b661d2ff3633d4742e67554cc4d5,cc6a1da1108415b82ef7d18c3333dbcf,64.33123399725217
6f78f39ace531e6b3b74e3f67a6670eb,1,b8ed6c86344de4e5ce3efc32f4a23e01,cc6a1da1108415b82ef7d18c3333dbcf,158.90392450734967
6f78f39ace531e6b3b74e3f67a6670eb,2,192e2eb7b552180be6b2bbf678bb343b,3557a22e96686ac5314337cb9ca2a18e,104.0292699944636
02a2d9f996a02475f31c017047ad1087,1,58227e79307de71092cccf73fc6367c0,f0038275d15e42e00a29397c18f74605,34.411648218341526
23a4933548f8d75a8155c0d76fed923c,1,1a1e0437b38d5a53a07107dacc93ca61,cbc689facff0bc794de68f850b2ee44c,99.7422781748831
23a4933548f8d75a8155c0d76fed923c,2,aefbaa1587156bc4c2c77ffaceb77552,b5ea7561b1e55f0c04c649fe55065179,28.112149885727476
70e0ddfa833e23463f60e87ecabe804c,1,596af6f792e6c4ec022cfa2d730f8d50,edb60a1e92c736b05502eb7b8e9087c4,21.63201705839164
c6c92246eb87638cf3f7e09b6614fd25,1,c6b92ad3e6d4a7945e11d88ccbceb58a,3557a22e96686ac5314337cb9ca2a18e,40.47904207127192
c6c92246eb87638cf3f7e09b6614fd25,2,3e8d0352ce38edf277f34939abedefe0,34c9193524b0c40c6c012d8c633e0141,164.45125681191587
c615f6e2f8f22ece8b109bd219778f2c,1,c3aa535c342d9aac81ff030fe6965215,d599aa1a7a95291a50f82dc121b436f7,105.21730535866202
c615f6e2f8f22ece8b109bd219778f2c,2,adcadcb62e0ba6c6502fea91aa890e67,edb60a1e92c736b05502eb7b8e9087c4,46.28832638696535
c23322270d7943b88274cef65fcbee23,1,916c599fbd7ef3f1f64e71c5aba47cf7,34c32d9948ca8902f6d7eeabe2d2cef1,102.69287271255513
08912e963e5715b6a4bbe7eea6748b97,1,9e9b5878474f159be9e176e41edb742b,502ee52cb1ca3e092b16817d94567c97,58.553652550743394
08912e963e5715b6a4bbe7eea6748b97,2,9e9b5878474f159be9e176e41edb742b,502ee52cb1ca3e092b16817d94567c97,147.1704544730903
08912e963e5715b6a4bbe7eea6748b97,3,9b0da4925c6146c7895ebea30cb18e82,cbc689facff0bc794de68f850b2ee44c,88.77010582570844
a8f23c9d3750442b789c8064e471ff0c,1,25fbd6cbcf724806ea27d5ed4503c1e7,cc6a1da1108415b82ef7d18c3333dbcf,152.1253266175503
0af7d86bb3501e83d6a42616355385d7,1,f24aebdde8f380e81bb1ad1a6af4c3e8,cbc689facff0bc794de68f850b2ee44c,123.31243704949526
0af7d86bb3501e83d6a42616355385d7,2,916c599fbd7ef3f1f64e71c5aba47cf7,cc6a1da1108415b82ef7d18c3333dbcf,171.8960208278435
0af7d86bb3501e83d6a42616355385d7,3,dcd25a3b15cfe904b2bd0c6482981e54,efc03e7ed392481a5e9e84c2c7108495,135.5194922659848
ef337a6b9115486b45e5884364facec4,1,adcadcb62e0ba6c6502fea91aa890e67,792e9e87add733d257337607ce086080,117.96304855397423
f45f20bf542945d053b1e9865b348663,1,dcd25a3b15cfe904b2bd0c6482981e54,b5ea7561b1e55f0c04c649fe55065179,154.22783166080112
f45f20bf542945d053b1e9865b348663,2,58227e79307de71092cccf73fc6367c0,193c05cb238bdac3275c252e6cb8d104,168.07239123637927
f45f20bf542945d053b1e9865b348663,3,dcd25a3b15cfe904b2bd0c6482981e54,cbc689facff0bc794de68f850b2ee44c,139.81745382737856
0649f6f06735f905416eee77ffe7cc6c,1,3157b661d2ff3633d4742e67554cc4d5,467c12d1edec6288a6bcb72d57d881c5,104.99678634168482
0649f6f06735f905416eee77ffe7cc6c,2,3e8d0352ce38edf277f34939abedefe0,b5ea7561b1e55f0c04c649fe55065179,39.9316615675749
0f494e075f0aa6b54f78f31f63fde7ad,1,25fbd6cbcf724806ea27d5ed4503c1e7,efc03e7ed392481a5e9e84c2c7108495,27.402968058483307
0f494e075f0aa6b54f78f31f63fde7ad,2,25fbd6cbcf724806ea27d5ed4503c1e7,655c9a09f71567f14e3732b9adc048ad,125.85639838043473
0f494e075f0aa6b54f78f31f63fde7ad,3,3157b661d2ff3633d4742e67554cc4d5,cc6a1da1108415b82ef7d18c3333dbcf,193.55667176014845
6965362f9eb343b3d69a44d01b0c4d25,1,d1f26db9a720c91fa96a04f6ec248d70,d880ad64760b9a7f03bd3b5a684cac1f,103.9242048236996
6965362f9eb343b3d69a44d01b0c4d25,2,3e8d0352ce38edf277f34939abedefe0,467c12d1edec6288a6bcb72d57d881c5,153.71116010557319
858bdfed247b9a7230e7a33806f6dc69,1,c6b92ad3e6d4a7945e11d88ccbceb58a,f0038275d15e42e00a29397c18f74605,172.80120984335343
858bdfed247b9a7230e7a33806f6dc69,2,f24aebdde8f380e81bb1ad1a6af4c3e8,33432c80f64e7be48677330ebc4e6a9e,148.24485394746102
552b14a586f8af10648c70b20e6f4d39,1,916c599fbd7ef3f1f64e71c5aba47cf7,cbc689facff0bc794de68f850b2ee44c,29.404967877253
a985b45386fa1bbc90e4ba2fc5aec88d,1,3f129019d2aab3229271468b0174857c,467c12d1edec6288a6bcb72d57d881c5,41.86770939786476
a985b45386fa1bbc90e4ba2fc5aec88d,2,d1f26db9a720c91fa96a04f6ec248d70,f0038275d15e42e00a29397c18f74605,47.38886344274831
a264733e75cc48a8eec2fa186f2a3381,1,3157b661d2ff3633d4742e67554cc4d5,467c12d1edec6288a6bcb72d57d881c5,20.439327374580483
a264733e75cc48a8eec2fa186f2a3381,2,3e8d0352ce38edf277f34939abedefe0,bcbc8c07ec020fb9a591b8ddda1e42e9,155.15029512913594
ce289a4347a3d9ce8ae737bef5deeca0,1,aefbaa1587156bc4c2c77ffaceb77552,f0038275d15e42e00a29397c18f74605,134.8436908357632
ce289a4347a3d9ce8ae737bef5deeca0,2,94df86ce396bd0ce4487d930f358027c,33432c80f64e7be48677330ebc4e6a9e,84.38359839845181
ce289a4347a3d9ce8ae737bef5deeca0,3,3e8d0352ce38edf277f34939abedefe0,cbc689facff0bc794de68f850b2ee44c,38.488017653333955
e8098686a6d23674feebd2df769c7691,1,3157b661d2ff3633d4742e67554cc4d5,34c32d9948ca8902f6d7eeabe2d2cef1,91.7822466809745
d9903cd79818f905da314db08f9c5cf9,1,c6b92ad3e6d4a7945e11d88ccbceb58a,467c12d1edec6288a6bcb72d57d881c5,113.46035011832095
185ecab640341ec71f1a8f484a6e9985,1,3e8d0352ce38edf277f34939abedefe0,b5ea7561b1e55f0c04c649fe55065179,110.63166727699348
185ecab640341ec71f1a8f484a6e9985,2,34bf369db9d5aed4dd811fd4278d9090,d880ad64760b9a7f03bd3b5a684cac1f,116.22920742034837
a2b959b1e71372fa1225fc46a101b5b4,1,6f6fe1c0df506bcdf994612a5c5abe94,b5ea7561b1e55f0c04c649fe55065179,117.65053973127169
28b35d6fd8c4658ffa98f3f589a4b021,1,adcadcb62e0ba6c6502fea91aa890e67,34c32d9948ca8902f6d7eeabe2d2cef1,178.43747648404283
28b35d6fd8c4658ffa98f3f589a4b021,2,c3aa535c342d9aac81ff030fe6965215,b5ea7561b1e55f0c04c649fe55065179,92.1532293552513
abab713e8f2e6e50f83e6251af871b0b,1,5649eda773bef55e47b174062dca7350,b5ea7561b1e55f0c04c649fe55065179,51.069091594558216
d5f2ba9ef7ba9bd53f509a2094171caa,1,b2ea532a5c8c475d3793b4f284bb502e,bcbc8c07ec020fb9a591b8ddda1e42e9,112.57166046287067
d5f2ba9ef7ba9bd53f509a2094171caa,2,c6bfb71258c62dd88f557e0faab2cebb,41f76e7b9e9629bb56b1a152f628bc1e,99.45494065542678
70b832741bbbb517978bf2f8535451a7,1,596af6f792e6c4ec022cfa2d730f8d50,edb60a1e92c736b05502eb7b8e9087c4,38.471943002702446
70b832741bbbb517978bf2f8535451a7,2,b2ea532a5c8c475d3793b4f284bb502e,515081bf6f4de479ac309e265f6abf71,128.99410546273862
70b832741bbbb517978bf2f8535451a7,3,9e9b5878474f159be9e176e41edb742b,515081bf6f4de479ac309e265f6abf71,105.2985792835704
9b7cd1e01c74ce2bf3b3d760fd504f33,1,58227e79307de71092cccf73fc6367c0,34c9193524b0c40c6c012d8c633e0141,39.834206555522584
cd1d28a7ceea912723a33f63e07f7811,1,c6b92ad3e6d4a7945e11d88ccbceb58a,33432c80f64e7be48677330ebc4e6a9e,62.130800952716996
cd1d28a7ceea912723a33f63e07f7811,2,f2bf74dc90af628fb3f8a758e23ba662,b5ea7561b1e55f0c04c649fe55065179,62.52638045601631
369ee28e5f2c778fba7bf34c589798c1,1,9b0da4925c6146c7895ebea30cb18e82,f0038275d15e42e00a29397c18f74605,33.19130040125574
be2d6316fae003099092e7ff59542db3,1,d1f26db9a720c91fa96a04f6ec248d70,d880ad64760b9a7f03bd3b5a684cac1f,126.31510110913753
c18c7b31dcafb306e1234aeab0665355,1,c6b92ad3e6d4a7945e11d88ccbceb58a,41f76e7b9e9629bb56b1a152f628bc1e,165.0490229186791
c18c7b31dcafb306e1234aeab0665355,2,3f129019d2aab3229271468b0174857c,34c9193524b0c40c6c012d8c633e0141,33.81290717061668
c18c7b31dcafb306e1234aeab0665355,3,10a2122c5535c068b08c195683436e23,515081bf6f4de479ac309e265f6abf71,169.37952478217588
c65b4a6892907ce17ebe752ad16222c6,1,abd54c3683089c0e726de1fdf0147268,34c32d9948ca8902f6d7eeabe2d2cef1,144.2922527838283
c65b4a6892907ce17ebe752ad16222c6,2,c3aa535c342d9aac81ff030fe6965215,cbc689facff0bc794de68f850b2ee44c,125.9219449154942
d2d49741e5561cb10742a4d8de389865,1,adcadcb62e0ba6c6502fea91aa890e67,bcbc8c07ec020fb9a591b8ddda1e42e9,169.74791521596583
d2d49741e5561cb10742a4d8de389865,2,b8ed6c86344de4e5ce3efc32f4a23e01,792e9e87add733d257337607ce086080,105.28697721754993
5194be2aa6054331bdcb18aedb764acd,1,abd54c3683089c0e726de1fdf0147268,bcbc8c07ec020fb9a591b8ddda1e42e9,59.091960858140794
5194be2aa6054331bdcb18aedb764acd,2,192e2eb7b552180be6b2bbf678bb343b,655c9a09f71567f14e3732b9adc048ad,176.76426808933545
4d81ddd0d9b2457dd3f45cd3418b27f8,1,f2bf74dc90af628fb3f8a758e23ba662,34c32d9948ca8902f6d7eeabe2d2cef1,160.42325217489488
445ee4fe14339dcc2529382c7fee338e,1,aefbaa1587156bc4c2c77ffaceb77552,467c12d1edec6288a6bcb72d57d881c5,25.358435818703313
f3f3a2c6c329f467715b22750cdb44b3,1,f24aebdde8f380e81bb1ad1a6af4c3e8,792e9e87add733d257337607ce086080,64.50771042080555
704a57a8fe5ce75a235e3ffae36bffdb,1,6f6fe1c0df506bcdf994612a5c5abe94,515081bf6f4de479ac309e265f6abf71,74.8096894266013
9094ee0d0ea453c182ae3da0ede171bb,1,94df86ce396bd0ce4487d930f358027c,edb60a1e92c736b05502eb7b8e9087c4,194.07341875172
9094ee0d0ea453c182ae3da0ede171bb,2,596af6f792e6c4ec022cfa2d730f8d50,d599aa1a7a95291a50f82dc121b436f7,80.3685481903932
69fa27529075b12e47fe9a54b6058df1,1,578d611a72283d71ff9795e1dce2ef0f,cc6a1da1108415b82ef7d18c3333dbcf,93.1447383914622
69fa27529075b12e47fe9a54b6058df1,2,192e2eb7b552180be6b2bbf678bb343b,655c9a09f71567f14e3732b9adc048ad,104.6994169322343
69fa27529075b12e47fe9a54b6058df1,3,9b0da4925c6146c7895ebea30cb18e82,3557a22e96686ac5314337cb9ca2a18e,74.14515908165248
d30155aa8ec90a402ca5167d758b5a0d,1,6f6fe1c0df506bcdf994612a5c5abe94,502ee52cb1ca3e092b16817d94567c97,178.93391237620764
d30155aa8ec90a402ca5167d758b5a0d,2,3f129019d2aab3229271468b0174857c,d599aa1a7a95291a50f82dc121b436f7,34.8225942885129
018481dc6ac50ff08d147d92952da2c4,1,f24aebdde8f380e81bb1ad1a6af4c3e8,792e9e87add733d257337607ce086080,120.73203001569797
018481dc6ac50ff08d147d92952da2c4,2,3e8d0352ce38edf277f34939abedefe0,515081bf6f4de479ac309e265f6abf71,194.2033622304128
06e8e3f2f6ddd12ebd557a116364a7a6,1,3f129019d2aab3229271468b0174857c,34c9193524b0c40c6c012d8c633e0141,121.69399093904724
06e8e3f2f6ddd12ebd557a116364a7a6,2,aefbaa1587156bc4c2c77ffaceb77552,f0038275d15e42e00a29397c18f74605,118.71955157145979
06e8e3f2f6ddd12ebd557a116364a7a6,3,916c599fbd7ef3f1f64e71c5aba47cf7,3557a22e96686ac5314337cb9ca2a18e,119.71670834334915
dcbef619bdd9cc22fb56fda0dd7d7bab,1,578d611a72283d71ff9795e1dce2ef0f,cbc689facff0bc794de68f850b2ee44c,174.4141889419232
dcbef619bdd9cc22fb56fda0dd7d7bab,2,adcadcb62e0ba6c6502fea91aa890e67,b5ea7561b1e55f0c04c649fe55065179,150.0444311895458
2986e4f27cdc7797ce0f7b9c13cd8c14,1,9b0da4925c6146c7895ebea30cb18e82,34c9193524b0c40c6c012d8c633e0141,101.14199073239841
2986e4f27cdc7797ce0f7b9c13cd8c14,2,94df86ce396bd0ce4487d930f358027c,cc6a1da1108415b82ef7d18c3333dbcf,49.75523027565675
87eddfe5bdef8b32a921a576ea11ab3e,1,abd54c3683089c0e726de1fdf0147268,193c05cb238bdac3275c252e6cb8d104,38.798169314829345
b7ecd75aa132aaf833b2430d04034686,1,3e8d0352ce38edf277f34939abedefe0,d599aa1a7a95291a50f82dc121b436f7,77.70952959576113
b7ecd75aa132aaf833b2430d04034686,2,aefbaa1587156bc4c2c77ffaceb77552,41f76e7b9e9629bb56b1a152f628bc1e,38.49894675740162
b7ecd75aa132aaf833b2430d04034686,3,f2bf74dc90af628fb3f8a758e23ba662,502ee52cb1ca3e092b16817d94567c97,106.97141097131316
d3b1fc53ea68f37fe57fe28fb68f4c7b,1,34bf369db9d5aed4dd811fd4278d9090,655c9a09f71567f14e3732b9adc048ad,49.90233039628724
77e7cf3065e0b11122ef4d71c7e72e84,1,b8ed6c86344de4e5ce3efc32f4a23e01,34c9193524b0c40c6c012d8c633e0141,190.544793237642
77e7cf3065e0b11122ef4d71c7e72e84,2,8d7cffcac5b374d64db7efcf365516f4,efc03e7ed392481a5e9e84c2c7108495,81.9290637975283
77e7cf3065e0b11122ef4d71c7e72e84,3,192e2eb7b552180be6b2bbf678bb343b,efc03e7ed392481a5e9e84c2c7108495,190.14785851152908
8d40c54ef5c7e08bc7bc24366626eb3a,1,3157b661d2ff3633d4742e67554cc4d5,792e9e87add733d257337607ce086080,44.256590513990915
8d40c54ef5c7e08bc7bc24366626eb3a,2,adcadcb62e0ba6c6502fea91aa890e67,d880ad64760b9a7f03bd3b5a684cac1f,178.2888124577869
8d40c54ef5c7e08bc7bc24366626eb3a,3,9b0da4925c6146c7895ebea30cb18e82,f0038275d15e42e00a29397c18f74605,31.744420956890085
bf04c85a67c194212d107b679f691ffc,1,adcadcb62e0ba6c6502fea91aa890e67,cc6a1da1108415b82ef7d18c3333dbcf,122.23399938694995
14c3320947df896ec963370acc8800e3,1,5649eda773bef55e47b174062dca7350,515081bf6f4de479ac309e265f6abf71,61.936160160324576
569f815b5c65d2c803825f85d6bd1cd4,1,abd54c3683089c0e726de1fdf0147268,bcbc8c07ec020fb9a591b8ddda1e42e9,129.164837004486
569f815b5c65d2c803825f85d6bd1cd4,2,c6b92ad3e6d4a7945e11d88ccbceb58a,d599aa1a7a95291a50f82dc121b436f7,24.36993919653027
569f815b5c65d2c803825f85d6bd1cd4,3,abd54c3683089c0e726de1fdf0147268,515081bf6f4de479ac309e265f6abf71,132.57940635610026
dec1382d6f0d4a131161a0af5da07c65,1,3157b661d2ff3633d4742e67554cc4d5,34c32d9948ca8902f6d7eeabe2d2cef1,126.85642993155805
4f31b3587a15f8e463a4d244e24eb12f,1,9b0da4925c6146c7895ebea30cb18e82,f0038275d15e42e00a29397c18f74605,52.42707560573084
4f31b3587a15f8e463a4d244e24eb12f,2,d1f26db9a720c91fa96a04f6ec248d70,502ee52cb1ca3e092b16817d94567c97,32.24398978369877
4f31b3587a15f8e463a4d244e24eb12f,3,596af6f792e6c4ec022cfa2d730f8d50,f0038275d15e42e00a29397c18f74605,140.76259271701906
07bee3d2c4551b3792bdd5d6f80630ef,1,c3aa535c342d9aac81ff030fe6965215,41f76e7b9e9629bb56b1a152f628bc1e,192.89092249840377
fc4ff84c509a929b64230795ebd9a945,1,192e2eb7b552180be6b2bbf678bb343b,655c9a09f71567f14e3732b9adc048ad,194.02849875675597
fc4ff84c509a929b64230795ebd9a945,2,192e2eb7b552180be6b2bbf678bb343b,193c05cb238bdac3275c252e6cb8d104,59.284155342915675
271aaef88de7e1a1cf1dc8d91200c722,1,10a2122c5535c068b08c195683436e23,655c9a09f71567f14e3732b9adc048ad,79.86550685370999
75959ca792c7584f58a02c2e15052f19,1,3157b661d2ff3633d4742e67554cc4d5,f0038275d15e42e00a29397c18f74605,108.0353541430862
75959ca792c7584f58a02c2e15052f19,2,10a2122c5535c068b08c195683436e23,33432c80f64e7be48677330ebc4e6a9e,35.54060685740701
75959ca792c7584f58a02c2e15052f19,3,d1f26db9a720c91fa96a04f6ec248d70,3557a22e96686ac5314337cb9ca2a18e,20.916397081922728
5ef6958f4d4683e0ef42f51255281fba,1,916c599fbd7ef3f1f64e71c5aba47cf7,bcbc8c07ec020fb9a591b8ddda1e42e9,74.79445261400522
c66b49c2a7609ae7550ef5c91aeeb901,1,25fbd6cbcf724806ea27d5ed4503c1e7,792e9e87add733d257337607ce086080,83.6413181411165
c66b49c2a7609ae7550ef5c91aeeb901,2,aefbaa1587156bc4c2c77ffaceb77552,f0038275d15e42e00a29397c18f74605,39.90746228856429
c66b49c2a7609ae7550ef5c91aeeb901,3,5649eda773bef55e47b174062dca7350,33432c80f64e7be48677330ebc4e6a9e,86.06368203437268
8cd4f47ad9ad67bcfa8366dab9c76438,1,adcadcb62e0ba6c6502fea91aa890e67,34c9193524b0c40c6c012d8c633e0141,37.75569342437889
8cd4f47ad9ad67bcfa8366dab9c76438,2,b8ed6c86344de4e5ce3efc32f4a23e01,efc03e7ed392481a5e9e84c2c7108495,98.84680623977764
21c70227a59bb1a4ce02faf29bbe0ab3,1,c6b92ad3e6d4a7945e11d88ccbceb58a,efc03e7ed392481a5e9e84c2c7108495,194.77037842496804
dbe970429ad9bd86ffa2becf06f1cb98,1,dcd25a3b15cfe904b2bd0c6482981e54,bcbc8c07ec020fb9a591b8ddda1e42e9,80.38656589883657
dbe970429ad9bd86ffa2becf06f1cb98,2,3e8d0352ce38edf277f34939abedefe0,34c9193524b0c40c6c012d8c633e0141,198.14450556983869
dbe970429ad9bd86ffa2becf06f1cb98,3,f2bf74dc90af628fb3f8a758e23ba662,34c32d9948ca8902f6d7eeabe2d2cef1,35.28482752890241
7e72c54ff2472341846fd49b2455f711,1,c3aa535c342d9aac81ff030fe6965215,515081bf6f4de479ac309e265f6abf71,35.59228488744868
bd423a6d72fd81c16dd217ed19f1d82e,1,9e9b5878474f159be9e176e41edb742b,41f76e7b9e9629bb56b1a152f628bc1e,66.81367721068604
bd423a6d72fd81c16dd217ed19f1d82e,2,25fbd6cbcf724806ea27d5ed4503c1e7,193c05cb238bdac3275c252e6cb8d104,158.75258178738972
bd423a6d72fd81c16dd217ed19f1d82e,3,25fbd6cbcf724806ea27d5ed4503c1e7,d599aa1a7a95291a50f82dc121b436f7,94.42874372981444
c9320bde02e54351d2efa798b6402342,1,9e9b5878474f159be9e176e41edb742b,efc03e7ed392481a5e9e84c2c7108495,141.99566393775103
f06fd1398a9268be10b85970c6ec1283,1,b2ea532a5c8c475d3793b4f284bb502e,cbc689facff0bc794de68f850b2ee44c,85.71227223695375
d58b8653d21eca3cc8b9809163629aae,1,916c599fbd7ef3f1f64e71c5aba47cf7,502ee52cb1ca3e092b16817d94567c97,27.948014434002364
d58b8653d21eca3cc8b9809163629aae,2,c3aa535c342d9aac81ff030fe6965215,cbc689facff0bc794de68f850b2ee44c,67.82823005255668
e8bb457e74da6c1df928543208545073,1,f24aebdde8f380e81bb1ad1a6af4c3e8,3557a22e96686ac5314337cb9ca2a18e,151.2057777684112
e8bb457e74da6c1df928543208545073,2,596af6f792e6c4ec022cfa2d730f8d50,cc6a1da1108415b82ef7d18c3333dbcf,166.06291353179313
48e61080700feedf999c1f467c3cb33e,1,8d7cffcac5b374d64db7efcf365516f4,efc03e7ed392481a5e9e84c2c7108495,30.915430822668384
48e61080700feedf999c1f467c3cb33e,2,c6bfb71258c62dd88f557e0faab2cebb,f0038275d15e42e00a29397c18f74605,124.7050729040174
da736fbfe0a8f7019889b74644f99cf0,1,25fbd6cbcf724806ea27d5ed4503c1e7,d599aa1a7a95291a50f82dc121b436f7,50.31781535869042
da736fbfe0a8f7019889b74644f99cf0,2,916c599fbd7ef3f1f64e71c5aba47cf7,cbc689facff0bc794de68f850b2ee44c,151.13313020843407
da736fbfe0a8f7019889b74644f99cf0,3,1a1e0437b38d5a53a07107dacc93ca61,f0038275d15e42e00a29397c18f74605,148.87960499822142
dc47263db7716ecfee56bb83a5942d5a,1,3f129019d2aab3229271468b0174857c,b5ea7561b1e55f0c04c649fe55065179,65.00787288773905
dc47263db7716ecfee56bb83a5942d5a,2,d1f26db9a720c91fa96a04f6ec248d70,d599aa1a7a95291a50f82dc121b436f7,137.60167247070967
b90d68ac155741140787d770488eec81,1,c6bfb71258c62dd88f557e0faab2cebb,792e9e87add733d257337607ce086080,105.12076431098924
98a3fa113be5f3ef122c29a2e2be0268,1,94df86ce396bd0ce4487d930f358027c,34c32d9948ca8902f6d7eeabe2d2cef1,160.17704599127813
98a3fa113be5f3ef122c29a2e2be0268,2,578d611a72283d71ff9795e1dce2ef0f,792e9e87add733d257337607ce086080,129.28268033674914
98a3fa113be5f3ef122c29a2e2be0268,3,8d7cffcac5b374d64db7efcf365516f4,34c32d9948ca8902f6d7eeabe2d2cef1,93.84994974581028
b0a1bfbe37880426e4868c1f649538e0,1,f24aebdde8f380e81bb1ad1a6af4c3e8,33432c80f64e7be48677330ebc4e6a9e,31.056462886605075
970fedd7a2eebc505dea143f9c4a612e,1,aefbaa1587156bc4c2c77ffaceb77552,502ee52cb1ca3e092b16817d94567c97,185.24582445950895
6fa0e2609011d5c4a0dac4495462d11e,1,578d611a72283d71ff9795e1dce2ef0f,d599aa1a7a95291a50f82dc121b436f7,173.55151483956143
e75239935f86158f0ec5b7f539df7505,1,d1f26db9a720c91fa96a04f6ec248d70,34c9193524b0c40c6c012d8c633e0141,142.00802029167596
e75239935f86158f0ec5b7f539df7505,2,c6b92ad3e6d4a7945e11d88ccbceb58a,b5ea7561b1e55f0c04c649fe55065179,118.58698726129698
3af67b0b0f95e112a3817203e011c115,1,192e2eb7b552180be6b2bbf678bb343b,d880ad64760b9a7f03bd3b5a684cac1f,118.2566109477849
c35a73159f6b1f3235a6bbfc8e1c9ec1,1,34bf369db9d5aed4dd811fd4278d9090,bcbc8c07ec020fb9a591b8ddda1e42e9,103.13367480996934
c35a73159f6b1f3235a6bbfc8e1c9ec1,2,34bf369db9d5aed4dd811fd4278d9090,41f76e7b9e9629bb56b1a152f628bc1e,165.73328535981798
269bec574a101b25f49f9ff30113a775,1,1a1e0437b38d5a53a07107dacc93ca61,3557a22e96686ac5314337cb9ca2a18e,20.67047856078657
269bec574a101b25f49f9ff30113a775,2,b2ea532a5c8c475d3793b4f284bb502e,33432c80f64e7be48677330ebc4e6a9e,70.62592892353814
9b8ea05dba69c8db9ce6b29c18e36aad,1,596af6f792e6c4ec022cfa2d730f8d50,792e9e87add733d257337607ce086080,121.54610534715304
8b4d024921b0574ad01770033690f667,1,8d7cffcac5b374d64db7efcf365516f4,d599aa1a7a95291a50f82dc121b436f7,182.93999901608188
8b4d024921b0574ad01770033690f667,2,3f129019d2aab3229271468b0174857c,cbc689facff0bc794de68f850b2ee44c,97.36591695723698
8d0aab93206282c27c1fefa1dae17487,1,3e8d0352ce38edf277f34939abedefe0,bcbc8c07ec020fb9a591b8ddda1e42e9,133.75898080992445
8d0aab93206282c27c1fefa1dae17487,2,f2bf74dc90af628fb3f8a758e23ba662,f0038275d15e42e00a29397c18f74605,53.56938357857196
8d0aab93206282c27c1fefa1dae17487,3,10a2122c5535c068b08c195683436e23,b5ea7561b1e55f0c04c649fe55065179,27.329238668419862
34a0c04373bd39de33799543da099247,1,c6b92ad3e6d4a7945e11d88ccbceb58a,d599aa1a7a95291a50f82dc121b436f7,174.73696761195114
34a0c04373bd39de33799543da099247,2,596af6f792e6c4ec022cfa2d730f8d50,193c05cb238bdac3275c252e6cb8d104,108.82249492131606
1408f381b5da5afe637ec310e5d9d779,1,578d611a72283d71ff9795e1dce2ef0f,41f76e7b9e9629bb56b1a152f628bc1e,91.66617179490504
87334b1428e4a25b747ee805aeb6d49b,1,3f129019d2aab3229271468b0174857c,edb60a1e92c736b05502eb7b8e9087c4,187.82974237605583
8b4d1c29b5c7fed3f6c7c08b78324789,1,b8ed6c86344de4e5ce3efc32f4a23e01,f0038275d15e42e00a29397c18f74605,121.88475495223813
8b4d1c29b5c7fed3f6c7c08b78324789,2,3f129019d2aab3229271468b0174857c,34c9193524b0c40c6c012d8c633e0141,141.02367302184888
cb5d479368a3b74efc38cded82eb74fb,1,c6bfb71258c62dd88f557e0faab2cebb,792e9e87add733d257337607ce086080,130.49070130859025
cb5d479368a3b74efc38cded82eb74fb,2,dcd25a3b15cfe904b2bd0c6482981e54,792e9e87add733d257337607ce086080,33.87563121872012
cb5d479368a3b74efc38cded82eb74fb,3,596af6f792e6c4ec022cfa2d730f8d50,efc03e7ed392481a5e9e84c2c7108495,64.68812202671296
92071b05b67a096f92d9799145c9dffb,1,5649eda773bef55e47b174062dca7350,d880ad64760b9a7f03bd3b5a684cac1f,77.16423337500513
92071b05b67a096f92d9799145c9dffb,2,3e8d0352ce38edf277f34939abedefe0,edb60a1e92c736b05502eb7b8e9087c4,89.58567789087219
27ea87c88d850770f47e1c1a131b67c2,1,1a1e0437b38d5a53a07107dacc93ca61,34c32d9948ca8902f6d7eeabe2d2cef1,33.493379332843844
27ea87c88d850770f47e1c1a131b67c2,2,8d7cffcac5b374d64db7efcf365516f4,bcbc8c07ec020fb9a591b8ddda1e42e9,43.87007507045288
27ea87c88d850770f47e1c1a131b67c2,3,6f6fe1c0df506bcdf994612a5c5abe94,edb60a1e92c736b05502eb7b8e9087c4,52.476463887916886
963d7b939860d45274a6da8528960980,1,aefbaa1587156bc4c2c77ffaceb77552,d599aa1a7a95291a50f82dc121b436f7,106.49072921223237
963d7b939860d45274a6da8528960980,2,9b0da4925c6146c7895ebea30cb18e82,bcbc8c07ec020fb9a591b8ddda1e42e9,126.74239817898113
963d7b939860d45274a6da8528960980,3,b8ed6c86344de4e5ce3efc32f4a23e01,3557a22e96686ac5314337cb9ca2a18e,96.62284802249415
e1850d8d1112758ff1bf6f6a96041301,1,b8ed6c86344de4e5ce3efc32f4a23e01,bcbc8c07ec020fb9a591b8ddda1e42e9,154.99566032294942
e1850d8d1112758ff1bf6f6a96041301,2,aefbaa1587156bc4c2c77ffaceb77552,cbc689facff0bc794de68f850b2ee44c,62.91590417902642
e1850d8d1112758ff1bf6f6a96041301,3,3f129019d2aab3229271468b0174857c,193c05cb238bdac3275c252e6cb8d104,196.81086884156315
142dc0eb0aead1894bd54bc559c45ca8,1,1a1e0437b38d5a53a07107dacc93ca61,467c12d1edec6288a6bcb72d57d881c5,70.68253903108729
5f3edb723fb73a9ed82f8668d266f490,1,dcd25a3b15cfe904b2bd0c6482981e54,bcbc8c07ec020fb9a591b8ddda1e42e9,122.74211755537779
1acbb4cf2e7834970bad8e25e6e22554,1,abd54c3683089c0e726de1fdf0147268,d880ad64760b9a7f03bd3b5a684cac1f,157.05378618283888
1acbb4cf2e7834970bad8e25e6e22554,2,b2ea532a5c8c475d3793b4f284bb502e,d880ad64760b9a7f03bd3b5a684cac1f,20.78485602308953
1acbb4cf2e7834970bad8e25e6e22554,3,abd54c3683089c0e726de1fdf0147268,d599aa1a7a95291a50f82dc121b436f7,34.10740960988378
702999a46b92a52351814648bce3239c,1,b2ea532a5c8c475d3793b4f284bb502e,792e9e87add733d257337607ce086080,31.572288993794068
702999a46b92a52351814648bce3239c,2,b8ed6c86344de4e5ce3efc32f4a23e01,f0038275d15e42e00a29397c18f74605,36.34655225190424
702999a46b92a52351814648bce3239c,3,f2bf74dc90af628fb3f8a758e23ba662,edb60a1e92c736b05502eb7b8e9087c4,164.9750218354782
3a7da73587d2ae69d9aebe99589e6709,1,b2ea532a5c8c475d3793b4f284bb502e,41f76e7b9e9629bb56b1a152f628bc1e,111.41403521313266
3a7da73587d2ae69d9aebe99589e6709,2,1a1e0437b38d5a53a07107dacc93ca61,cbc689facff0bc794de68f850b2ee44c,107.10007163861421
370b3167aaa523031292317a66bc4197,1,5649eda773bef55e47b174062dca7350,34c32d9948ca8902f6d7eeabe2d2cef1,87.44701467499515
4e2353b83a03239c2ff2bf52c824cd1f,1,d1f26db9a720c91fa96a04f6ec248d70,cc6a1da1108415b82ef7d18c3333dbcf,76.36885589668636
4e2353b83a03239c2ff2bf52c824cd1f,2,c3aa535c342d9aac81ff030fe6965215,cc6a1da1108415b82ef7d18c3333dbcf,161.46799567517772
20fea6e36e3731e24c3ed972e905a676,1,aefbaa1587156bc4c2c77ffaceb77552,34c32d9948ca8902f6d7eeabe2d2cef1,132.46647104733222
20fea6e36e3731e24c3ed972e905a676,2,b2ea532a5c8c475d3793b4f284bb502e,f0038275d15e42e00a29397c18f74605,133.51853664098536
20fea6e36e3731e24c3ed972e905a676,3,5649eda773bef55e47b174062dca7350,3557a22e96686ac5314337cb9ca2a18e,113.32639307418943
9adfc62539f608bec02316f2c404fef4,1,adcadcb62e0ba6c6502fea91aa890e67,b5ea7561b1e55f0c04c649fe55065179,27.271061908807493
9adfc62539f608bec02316f2c404fef4,2,c6bfb71258c62dd88f557e0faab2cebb,3557a22e96686ac5314337cb9ca2a18e,67.85872170406725
12329a13c7858873649ba845cefa937a,1,d1f26db9a720c91fa96a04f6ec248d70,34c9193524b0c40c6c012d8c633e0141,91.81916370240332
12329a13c7858873649ba845cefa937a,2,3f129019d2aab3229271468b0174857c,502ee52cb1ca3e092b16817d94567c97,66.13648567681763
7bacd1a36258489380c5da59144ad76b,1,8d7cffcac5b374d64db7efcf365516f4,792e9e87add733d257337607ce086080,186.33177916054092
7bacd1a36258489380c5da59144ad76b,2,c6bfb71258c62dd88f557e0faab2cebb,193c05cb238bdac3275c252e6cb8d104,158.88117418867063
071808ef0f7448357b72bd537e70b3ec,1,f24aebdde8f380e81bb1ad1a6af4c3e8,cbc689facff0bc794de68f850b2ee44c,182.22551960481962
071808ef0f7448357b72bd537e70b3ec,2,9b0da4925c6146c7895ebea30cb18e82,d880ad64760b9a7f03bd3b5a684cac1f,143.60476151251805
071808ef0f7448357b72bd537e70b3ec,3,58227e79307de71092cccf73fc6367c0,502ee52cb1ca3e092b16817d94567c97,181.0165375720067
674e479c7576bb62b862cc4e7c2a1e3d,1,dcd25a3b15cfe904b2bd0c6482981e54,193c05cb238bdac3275c252e6cb8d104,166.55227253149306
55b4fd247cbaf37cc72f501da832844e,1,596af6f792e6c4ec022cfa2d730f8d50,467c12d1edec6288a6bcb72d57d881c5,55.18056583928638
55b4fd247cbaf37cc72f501da832844e,2,c6b92ad3e6d4a7945e11d88ccbceb58a,efc03e7ed392481a5e9e84c2c7108495,55.98249279229097
55b4fd247cbaf37cc72f501da832844e,3,3157b661d2ff3633d4742e67554cc4d5,d880ad64760b9a7f03bd3b5a684cac1f,175.04697034367237
00ae95fbe8bddef65c9a3d34bbf836c9,1,dcd25a3b15cfe904b2bd0c6482981e54,d880ad64760b9a7f03bd3b5a684cac1f,154.31768776766566
ee11417d88b8a5c633d5295c0c66cafb,1,d1f26db9a720c91fa96a04f6ec248d70,b5ea7561b1e55f0c04c649fe55065179,172.43397519660547
56ad16b0b267e09353a2edb9db780eab,1,f24aebdde8f380e81bb1ad1a6af4c3e8,41f76e7b9e9629bb56b1a152f628bc1e,164.88600685046296
56ad16b0b267e09353a2edb9db780eab,2,f24aebdde8f380e81bb1ad1a6af4c3e8,41f76e7b9e9629bb56b1a152f628bc1e,198.05299718629243
ff48f4d51c35ea05488e855af5371ae3,1,adcadcb62e0ba6c6502fea91aa890e67,34c32d9948ca8902f6d7eeabe2d2cef1,167.23855636205127
fc259ec1029ed63a0bfe50b3234e479f,1,3f129019d2aab3229271468b0174857c,b5ea7561b1e55f0c04c649fe55065179,140.63842794333488
fc259ec1029ed63a0bfe50b3234e479f,2,b8ed6c86344de4e5ce3efc32f4a23e01,515081bf6f4de479ac309e265f6abf71,119.29640624775622
c1bc1d668e1c842d835483f2c9ac7c37,1,d1f26db9a720c91fa96a04f6ec248d70,34c32d9948ca8902f6d7eeabe2d2cef1,115.32926537962669
8a6a11df6c3225fff642a5fd31ee0aac,1,b2ea532a5c8c475d3793b4f284bb502e,193c05cb238bdac3275c252e6cb8d104,24.734127516693142
8a6a11df6c3225fff642a5fd31ee0aac,2,1a1e0437b38d5a53a07107dacc93ca61,f0038275d15e42e00a29397c18f74605,172.87271515180302
8a6a11df6c3225fff642a5fd31ee0aac,3,d1f26db9a720c91fa96a04f6ec248d70,655c9a09f71567f14e3732b9adc048ad,196.21958104476752
0d3d01f368ebfd000268695a65d18a68,1,abd54c3683089c0e726de1fdf0147268,502ee52cb1ca3e092b16817d94567c97,29.473258395000546
0d3d01f368ebfd000268695a65d18a68,2,3f129019d2aab3229271468b0174857c,edb60a1e92c736b05502eb7b8e9087c4,83.96377263387376
0d3d01f368ebfd000268695a65d18a68,3,f2bf74dc90af628fb3f8a758e23ba662,502ee52cb1ca3e092b16817d94567c97,102.99422560157367
7279304a1a7615be8a4bfa7a0c42374a,1,1a1e0437b38d5a53a07107dacc93ca61,515081bf6f4de479ac309e265f6abf71,157.22765851024556
7279304a1a7615be8a4bfa7a0c42374a,2,192e2eb7b552180be6b2bbf678bb343b,cbc689facff0bc794de68f850b2ee44c,176.66470938536685
